Run ID - 984,,,,,,,,,,Run ID - 1030,,,,,,,,,,
  MP_5K_Users_LoadTest_05022026 - 05/02/2026 02:05:27 - 05/02/2026 11:39:26 EST,,,,,,,,,,MP_1.1_6k_Users_LoadTest_09022026 - 09/02/2026 10:22:13 - 09/02/2026 17:13:32 EST,,,,,,,,,,
Load Test Summary,,,,,,,,,,Load Test Summary,,,,,,,,,,
Total Vusers,"5,000",,,,,,,,,"6,000",,,,,,,,,,
Average Throughput (B/s),"5,492,545.442",,,,,,,,,"5,739,140.473",,,,,,,,,,
Total Hits,"728,968",,,,,,,,,"871,869",,,,,,,,,,
Average Hits/sec,199.717,,,,,,,,,240.848,,,,,,,,,,
Passed Ratio,99.841,,,,,,,,,99.99%,,,,,,,,,,
Total Transactions,4325782,,,,,,,,,916914,,,,,,,,,,
Total Average Response Time (Sec),0.208,,,,,,,,,0.346,,,,,,,,,,
Transaction Names,Minimum,Average (Sec),Maximum,90 Percent (Sec),95 Percent (Sec),99 Percent (Sec),Pass,Fail,Error %,Minimum,Average (Sec),Maximum,90 Percent (Sec),95 Percent (Sec),99 Percent (Sec),Pass,Fail,Error %,Deviation,Deviation %
S03_NYMECM_AP_2HH_MAMSP_T39_Sign_and_Submit_Your_Application,11.14,18.26,134.63,21.62,30.65,46.88,452,42,8.5,29.15,48.36,77.37,58.94,61.34,69.41,141,0,0,-30.1,-164.84
S04_NYMECM_MP_2HH_MaMsp_T31_Sign_And_Submit,11.13,18.24,136.69,21.15,25.64,78.67,330,30,8.33,33.11,50.74,69.32,60.61,61.76,69.17,124,1,0.8,-32.5,-178.18
S11_NYMECM_MP_2HH_MA_MSP_APRI_T29_Sign_and_Submit_Application,11.24,18.17,137.95,20.79,23.82,24.85,455,27,5.6,22.08,43.34,60.23,53.74,55.02,57.96,141,0,0,-25.17,-138.53
S01_NYMECM_AP_1HH_MaMsp_T24_Sign_Submit,8.68,12.34,70.66,14.86,15.83,15.83,396,31,7.26,15.72,31.07,50.21,39.11,42.13,47.84,143,0,0,-18.73,-151.78
S05_NYMECM_AP_RC_S01_2HH_MaMsp_T27_Sign_Your_Change_Submit,9.72,15.68,129.89,17.58,20.49,33.07,822,77,8.57,18.99,33.64,49.44,40.51,42.17,45.27,211,0,0,-17.96,-114.54
S02_NYMECM_MP_1HH_MSP_T24_Sign_and_Submit,8.11,12.9,70.46,15.63,17.34,23.2,392,43,9.89,16.53,30.44,45.57,38.45,39.78,42.49,141,0,0,-17.54,-135.97
S07_NYMECM_AP_RC_S03_2HH_MaMsp_T12_Sign_Your_Change_Submit,8.96,14.3,131.26,16.04,16.6,38.08,1102,91,7.63,14.72,28.98,44.32,35.4,36.68,39.35,294,0,0,-14.68,-102.66
S08_NYMECM_AP_Renewals_S03_2HH_MaMsp_T12_Sign_Your_Renewal,8.71,13.73,70.19,15.48,16.44,26.2,2240,177,7.32,16.54,29.64,41.49,35.24,36.74,39.08,603,1,0.17,-15.91,-115.88
S06_NYMECM_MP_RC_S02_1HH_MaMsp_T29_Submit_Your_Change_Report,7.95,12.24,52.77,14.28,18.36,37.17,814,69,7.81,15.05,27.74,44.61,34.99,36.89,38.47,211,0,0,-15.5,-126.63
S04_NYMECM_MP_2HH_MaMsp_T10_Add_Wife_Details,1.59,3.31,62.21,3.93,4.97,8.29,491,0,0,2.58,9.98,19.93,14.19,15.76,19.87,141,0,0,-6.67,-201.51
S03_NYMECM_AP_2HH_MAMSP_T12_2HH_People_in_Your_Home,1.53,3.05,41.78,3.61,4.48,5,663,0,0,2.11,10.02,19.61,14.3,15.89,19.43,108,0,0,-6.97,-228.52
S03_NYMECM_AP_2HH_MAMSP_T09_1HH_People_in_Your_Home,1.46,3.34,62.31,4.26,5.93,8.65,679,0,0,2.6,9.35,19.27,13.89,15.15,19.27,99,0,0,-6.01,-179.94
S02_NYMECM_MP_1HH_MSP_T11_People_in_Your_Home,1.46,2.91,122.05,3.84,5.64,6.62,538,0,0,1.72,9.49,19.61,14.18,14.68,19.08,142,0,0,-6.58,-226.12
S05_NYMECM_AP_RC_S01_2HH_MaMsp_T07_Enter_2HH_Details,1.9,3.5,32.98,4.18,4.85,5.37,1157,0,0,2.93,10.46,19.11,14.62,15.91,18.23,239,0,0,-6.96,-198.86
S06_NYMECM_MP_RC_S02_1HH_MaMsp_T06_Change_Citizenship_Next,1.87,3.33,8.21,4.51,5.94,8.21,1136,0,0,2.56,10.27,18.36,14.75,15.56,17.89,214,0,0,-6.94,-208.41
S01_NYMECM_AP_1HH_MaMsp_T07_People_In_Your_Home,1.29,2.94,62.28,3.77,5.36,6.14,1108,0,0,1.96,9.63,18.11,14.03,14.95,17.8,134,0,0,-6.69,-227.55
S02_NYMECM_MP_1HH_MSP_T04_Address_Validation_Next,0.26,0.93,6.14,1.76,3.03,6.14,603,0,0,0.34,6.87,13.95,10.98,11.38,13.95,76,0,0,-5.94,-638.71
S04_NYMECM_MP_2HH_MaMsp_T03_Verify_My_Identity,1.09,2.56,8.87,3.38,4.29,5.36,566,0,0,1.25,7.16,14.87,11.88,12.73,13.71,105,0,0,-4.6,-179.69
S11_NYMECM_MP_2HH_MA_MSP_APRI_T04_Enter_JSON_Input_Prepolulate_Submit,1.99,3.02,5.74,3.8,4.5,5.74,683,0,0,2.14,6.01,12.87,9.22,10.34,12.87,89,0,0,-2.99,-99.01
S11_NYMECM_MP_2HH_MA_MSP_APRI_T37_Add_Additional_Document,1.49,1.8,14.46,1.67,6.4,10.84,411,25,5.73,1.53,1.86,12.45,1.75,1.88,12.45,99,0,0,-0.06,-3.33
S07_NYMECM_AP_RC_S03_2HH_MaMsp_T16B_Click_Upload,0.66,0.97,8.38,0.88,4.22,6.95,1055,33,3.03,0.67,1.01,12.44,0.81,1.55,12.44,267,0,0,-0.04,-4.12
S02_NYMECM_MP_1HH_MSP_T27_Add_Additional_Document,0.94,1.21,10.8,1.15,3.49,8.02,342,22,6.04,0.94,1.49,10,1.25,5.33,10,54,0,0,-0.28,-23.14
S06_NYMECM_MP_RC_S02_1HH_MaMsp_T16_Other_Health_Insurance_Next,0.8,1.21,2.5,1.5,1.63,1.78,1097,0,0,0.76,3.05,7.45,5.71,6.35,7.26,213,0,0,-1.84,-152.07
S02_NYMECM_MP_1HH_MSP_T21_Other_Health_Insurance,0.9,1.4,3.39,1.88,2.54,3.15,500,0,0,0.98,2.81,7.22,5.62,6.09,6.9,142,0,0,-1.41,-100.71
S04_NYMECM_MP_2HH_MaMsp_T08_People_in_Your_Home,0.44,0.94,2.85,1.32,2.05,2.85,515,0,0,0.49,2.74,7.03,5.34,6.15,6.73,142,0,0,-1.8,-191.49
S11_NYMECM_MP_2HH_MA_MSP_APRI_T16_Expenses_Other_health_Insurance,0.31,0.68,2.1,1.02,1.46,1.51,654,0,0,0.34,2.53,6.84,5.45,5.96,6.64,122,0,0,-1.85,-272.06
S03_NYMECM_AP_2HH_MAMSP_T43B_Click_Upload,0.67,0.96,19.6,0.82,4.56,5.11,437,12,2.67,0.66,0.84,6.95,0.79,0.81,4.8,140,0,0,0.12,12.5
S11_NYMECM_MP_2HH_MA_MSP_APRI_T01_Launch,0.8,1.38,2.33,1.73,1.91,2.31,690,0,0,0.82,1.48,3.3,2.09,2.39,3.3,89,0,0,-0.1,-7.25
S03_NYMECM_AP_2HH_MAMSP_T35_Enter_Real_Property_Details,1.37,2.56,3.48,2.78,2.81,2.84,594,0,0,1.6,2.66,3.28,2.92,3.09,3.27,142,0,0,-0.1,-3.91
S02_NYMECM_MP_1HH_MSP_T01_Launch,0.74,1.38,2.49,1.76,2.02,2.49,603,0,0,0.79,1.44,3.22,2,2.12,3.22,41,0,0,-0.06,-4.35
S04_NYMECM_MP_2HH_MaMsp_T32_Return_to_Dashboard,1.55,2.35,2.59,2.46,2.49,2.58,324,0,0,1.63,2.55,2.86,2.67,2.71,2.86,51,0,0,-0.2,-8.51
S07_NYMECM_AP_RC_S03_2HH_MaMsp_T09_Summary_of_Household_Resources,2.05,2.36,2.63,2.46,2.48,2.52,1409,0,0,2.21,2.54,2.88,2.7,2.74,2.81,305,0,0,-0.18,-7.63
S03_NYMECM_AP_2HH_MAMSP_T36_Summary_of_Household_Resources,1.93,2.31,2.66,2.43,2.49,2.52,592,0,0,2.21,2.49,2.81,2.67,2.71,2.79,141,0,0,-0.18,-7.79
S01_NYMECM_AP_1HH_MaMsp_T01_Launch,0.77,1.39,2.54,1.62,1.66,1.96,1108,0,0,0.77,1.53,2.96,2.15,2.58,2.76,134,0,0,-0.14,-10.07
S06_NYMECM_MP_RC_S02_1HH_MaMsp_T01_Launch,0.8,1.37,1.96,1.65,1.71,1.94,1149,0,0,0.81,1.44,2.9,1.98,2.29,2.75,213,0,0,-0.07,-5.11
S11_NYMECM_MP_2HH_MA_MSP_APRI_T26_Summary_of_Household_Resources_Next,2,2.31,2.61,2.43,2.46,2.53,615,0,0,2.16,2.45,2.71,2.62,2.64,2.69,142,0,0,-0.14,-6.06
S04_NYMECM_MP_2HH_MaMsp_T28_Summary_of_Household_Resources,1.93,2.19,2.49,2.3,2.41,2.44,434,0,0,2.02,2.34,2.69,2.5,2.56,2.68,137,0,0,-0.15,-6.85
S05_NYMECM_AP_RC_S01_2HH_MaMsp_T24_Summary_of_Household_Resources,1.77,2.24,2.53,2.33,2.36,2.36,1066,0,0,2.1,2.39,2.78,2.54,2.6,2.66,213,0,0,-0.15,-6.7
S03_NYMECM_AP_2HH_MAMSP_T01_Launch,0.78,1.39,2.33,1.68,1.68,2.33,679,0,0,0.78,1.48,2.58,2.16,2.28,2.58,99,0,0,-0.09,-6.47
S05_NYMECM_AP_RC_S01_2HH_MaMsp_T01_Launch,0.78,1.4,2.85,1.64,1.78,2.32,1216,0,0,0.78,1.4,2.56,1.89,2.07,2.49,231,0,0,0,0
S01_NYMECM_AP_1HH_MaMsp_T06_Account_Holder,0.82,1.51,2.52,1.85,1.72,2.05,1108,0,0,0.8,1.5,2.51,2.07,2.19,2.48,134,0,0,0.01,0.66
S07_NYMECM_AP_RC_S03_2HH_MaMsp_T01_Launch,0.76,1.39,2.16,1.63,1.86,1.88,1491,0,0,0.78,1.45,2.56,1.91,2.14,2.47,246,0,0,-0.06,-4.32
S04_NYMECM_MP_2HH_MaMsp_T07_Account_Holder,0.84,1.93,2.52,2.18,2.29,2.39,531,0,0,0.87,1.9,2.47,2.25,2.33,2.45,142,0,0,0.03,1.55
S08_NYMECM_AP_Renewals_S03_2HH_MaMsp_T06_Renew_Coverage_Select_Sections,1.68,2.01,2.43,2.12,2.1,2.22,2990,0,0,1.66,2.1,2.64,2.3,2.35,2.45,604,0,0,-0.09,-4.48
S08_NYMECM_AP_Renewals_S03_2HH_MaMsp_T01_Launch,0.76,1.39,1.96,1.57,1.74,1.84,3071,0,0,0.78,1.5,2.96,1.9,2.03,2.38,607,0,0,-0.11,-7.91
S04_NYMECM_MP_2HH_MaMsp_T33_Click_Manage_HealthPlan,1.06,1.88,2.13,1.96,2.02,2.08,323,0,0,1.25,2.07,2.35,2.24,2.26,2.35,37,0,0,-0.19,-10.11
S07_NYMECM_AP_RC_S03_2HH_MaMsp_T05_Select_Sections_To_RMC,1.55,1.92,2.3,2.04,2.02,2.11,1430,0,0,1.56,1.95,2.31,2.15,2.2,2.28,304,0,0,-0.03,-1.56
S03_NYMECM_AP_2HH_MAMSP_T45_Goto_Manage_Health_Plan,1.56,1.9,3.33,1.99,2.03,3.33,430,0,0,1.31,2.09,2.26,2.21,2.23,2.25,120,0,0,-0.19,-10
S07_NYMECM_AP_RC_S03_2HH_MaMsp_T04_Click_Report_My_Change,1.67,1.89,2.17,1.97,1.98,2.04,1433,0,0,1.78,2.04,2.31,2.16,2.2,2.25,305,0,0,-0.15,-7.94
S05_NYMECM_AP_RC_S01_2HH_MaMsp_T04_Click_Report_My_Change,1.58,1.76,2.01,1.82,1.85,1.88,1174,0,0,1.63,1.9,2.15,2.02,2.05,2.12,240,0,0,-0.14,-7.95
S04_NYMECM_MP_2HH_MaMsp_T25_Add_Life_Insurance_Details,1.27,1.69,2.01,1.81,1.86,1.98,440,0,0,1.37,1.75,2.15,1.93,1.99,2.08,142,0,0,-0.06,-3.55
S06_NYMECM_MP_RC_S02_1HH_MaMsp_T26_Summary_of_Household_Resources_Next,1.49,1.74,1.91,1.82,1.85,1.86,1058,0,0,1.55,1.83,2.12,1.95,1.99,2.06,212,0,0,-0.09,-5.17
S11_NYMECM_MP_2HH_MA_MSP_APRI_T11_Summary_of_Household_Income_Next,1.2,1.51,2.03,1.74,1.7,1.95,670,0,0,1.26,1.53,2.09,1.9,2,2.06,105,0,0,-0.02,-1.32
S04_NYMECM_MP_2HH_MaMsp_T27_Add_Vehicle_Details,1.26,1.67,1.98,1.83,1.83,1.85,435,0,0,1.36,1.72,2.04,1.9,1.93,2.04,141,0,0,-0.05,-2.99
S04_NYMECM_MP_2HH_MaMsp_T26_Add_Bank_Account_Details,1.38,1.69,2.03,1.83,1.88,1.93,439,0,0,1.45,1.76,2.07,1.92,1.98,2.03,141,0,0,-0.07,-4.14
S08_NYMECM_AP_Renewals_S03_2HH_MaMsp_T03_Search_Select_Case_Manage,1.5,1.71,2.3,1.75,1.75,1.77,3061,8,0.26,1.65,1.83,2.01,1.91,1.93,1.96,604,1,0.17,-0.12,-7.02
S01_NYMECM_AP_1HH_MaMsp_T27_Click_Manage_Health_Plan,1.43,1.6,2.49,1.65,NA,NA,123,20,13.99,1.41,1.79,1.97,1.88,1.92,1.95,141,0,0,-0.19,-11.87
S08_NYMECM_AP_Renewals_S03_2HH_MaMsp_T09_HealthCare_Needs,1.44,1.64,1.87,1.7,1.71,1.77,2956,0,0,1.39,1.71,2.06,1.82,1.87,1.93,605,0,0,-0.07,-4.27
S03_NYMECM_AP_2HH_MAMSP_T31_Enter_Savings_Account_Details,1.16,1.49,1.77,1.61,1.65,1.67,613,0,0,1.25,1.58,1.93,1.74,1.8,1.92,141,0,0,-0.09,-6.04
S07_NYMECM_AP_RC_S03_2HH_MaMsp_T03_Search_Select_Case_Manage,1.28,1.64,2.32,1.7,1.71,1.81,1489,0,0,1.38,1.77,2.05,1.85,1.88,1.92,302,0,0,-0.13,-7.93
S10_NYMECM_MP_Navigation_S04_T01_Launch,0.82,1.33,1.69,1.5,1.52,1.53,8838,0,0,0.92,1.41,2.65,1.7,1.78,1.92,1299,0,0,-0.08,-6.02
S01_NYMECM_AP_1HH_MaMsp_T21_After_Adding_Resources_Next,1.3,1.56,1.73,1.63,1.63,1.63,516,38,6.86,1.43,1.66,1.92,1.79,1.82,1.89,136,0,0,-0.1,-6.41
S07_NYMECM_AP_RC_S03_2HH_MaMsp_T08_Vehicles_Details,1.13,1.53,1.78,1.61,1.63,1.68,1413,0,0,1.32,1.59,1.92,1.73,1.79,1.87,304,0,0,-0.06,-3.92
S04_NYMECM_MP_2HH_MaMsp_T01_Launch,0.76,1.35,2.55,1.66,1.89,2.08,577,0,0,0.79,1.36,1.86,1.77,1.86,1.86,14,0,0,-0.01,-0.74
S01_NYMECM_AP_1HH_MaMsp_T20_Add_Real_Property_Details,1.25,1.55,1.74,1.63,1.64,1.67,558,106,15.96,1.35,1.6,1.86,1.75,1.8,1.85,135,0,0,-0.05,-3.23
S05_NYMECM_AP_RC_S01_2HH_MaMsp_T21_Life_Insurance_Information,1.21,1.5,1.81,1.6,1.65,1.68,1080,0,0,1.26,1.55,1.92,1.68,1.74,1.84,212,0,0,-0.05,-3.33
S08_NYMECM_AP_Renewals_S03_2HH_MaMsp_T08_Summary_of_People_In_Your_Home,1.28,1.55,1.86,1.62,1.62,1.69,2969,0,0,1.19,1.6,1.96,1.73,1.76,1.83,604,0,0,-0.05,-3.23
S11_NYMECM_MP_2HH_MA_MSP_APRI_T31_Click_Manage_Health_Plan,0.66,1.44,3.88,1.51,1.52,1.55,441,0,0,1.4,1.62,1.86,1.72,1.75,1.83,134,0,0,-0.18,-12.5
S01_NYMECM_AP_1HH_MaMsp_T19_Add_Bank_Account_Details,1.2,1.54,1.78,1.62,1.61,1.62,671,129,16.12,1.3,1.59,1.82,1.73,1.78,1.82,135,0,0,-0.05,-3.25
S06_NYMECM_MP_RC_S02_1HH_MaMsp_T08_Summary_of_People_in_Your_Home_Next,1.13,1.47,2.04,1.56,1.56,1.63,1129,0,0,1.26,1.52,1.87,1.65,1.72,1.82,214,0,0,-0.05,-3.4
S02_NYMECM_MP_1HH_MSP_T25_Return_to_Dashboard,1.41,1.55,1.69,1.61,1.63,1.69,368,0,0,1.55,1.66,1.81,1.74,1.76,1.81,68,0,0,-0.11,-7.1
S03_NYMECM_AP_2HH_MAMSP_T33_Enter_Cash_Details,1.12,1.47,1.75,1.6,1.59,1.68,603,0,0,1.27,1.54,1.82,1.69,1.73,1.81,141,0,0,-0.07,-4.76
S03_NYMECM_AP_2HH_MAMSP_T29_Enter_Life_Insurance_Details,1.17,1.49,1.8,1.6,1.66,1.72,618,0,0,1.23,1.55,1.81,1.71,1.73,1.8,141,0,0,-0.06,-4.03
S04_NYMECM_MP_2HH_MaMsp_T16_Add_Husbands_Income_Details,1.09,1.41,1.8,1.54,1.55,1.61,470,0,0,1.1,1.43,1.83,1.61,1.67,1.78,141,0,0,-0.02,-1.42
S05_NYMECM_AP_RC_S01_2HH_MaMsp_T23_Vehicle_Details,1.16,1.5,1.76,1.6,1.64,1.67,1075,0,0,1.18,1.54,1.85,1.7,1.75,1.78,213,0,0,-0.04,-2.67
S06_NYMECM_MP_RC_S02_1HH_MaMsp_T02_Click_Sign_Enter_Credentials_Login,1.4,1.56,2.05,1.61,1.62,1.62,1149,0,0,1.48,1.64,1.79,1.71,1.73,1.77,213,0,0,-0.08,-5.13
S03_NYMECM_AP_2HH_MAMSP_T06_Enter_Account_Holder_Details,0.1,1.18,1.88,1.34,1.34,1.36,679,0,0,0.14,1.19,1.76,1.58,1.67,1.76,99,0,0,-0.01,-0.85
S11_NYMECM_MP_2HH_MA_MSP_APRI_T23_Financial_Resources_Details_Next,1.09,1.37,1.66,1.47,1.5,1.54,633,0,0,1.21,1.44,1.83,1.58,1.64,1.76,141,0,0,-0.07,-5.11
S04_NYMECM_MP_2HH_MaMsp_T17_Add_Wife_Income_Details,1.06,1.4,1.72,1.54,1.58,1.65,466,0,0,1.08,1.43,1.78,1.6,1.64,1.75,141,0,0,-0.03,-2.14
S03_NYMECM_AP_2HH_MAMSP_T41_Search_Select_Manage,1.22,1.41,2.54,1.48,1.48,1.5,451,0,0,1.14,1.55,1.75,1.64,1.66,1.73,140,0,0,-0.14,-9.93
S11_NYMECM_MP_2HH_MA_MSP_APRI_T19_Life_Insurance_Details_Next,1.12,1.36,1.66,1.46,1.5,1.52,645,0,0,1.21,1.43,1.95,1.59,1.64,1.72,133,0,0,-0.07,-5.15
S11_NYMECM_MP_2HH_MA_MSP_APRI_T30_Click_Return_to_Dashboard,1.28,1.44,1.67,1.5,1.55,1.55,441,0,0,1.4,1.56,1.73,1.64,1.68,1.72,138,0,0,-0.12,-8.33
S11_NYMECM_MP_2HH_MA_MSP_APRI_T12_Income_Tax_Information_Next,0.56,1.01,1.65,1.28,1.29,1.54,667,0,0,0.57,1.04,1.76,1.43,1.59,1.71,108,0,0,-0.03,-2.97
S01_NYMECM_AP_1HH_MaMsp_T26_Search_Select_Manage,1.25,1.41,1.6,1.48,0,0,143,135,48.56,1.34,1.55,1.69,1.62,1.65,1.69,142,0,0,-0.14,-9.93
S07_NYMECM_AP_RC_S03_2HH_MaMsp_T14_Search_Select_case_Manage,1.22,1.4,1.68,1.45,1.47,1.49,1094,0,0,1.32,1.52,1.74,1.61,1.64,1.69,285,0,0,-0.12,-8.57
S11_NYMECM_MP_2HH_MA_MSP_APRI_T25_Vehicles_Details_Next,1.13,1.36,1.57,1.46,1.46,1.53,620,0,0,1.2,1.45,1.74,1.58,1.6,1.68,141,0,0,-0.09,-6.62
S11_NYMECM_MP_2HH_MA_MSP_APRI_T21_Bank_Account_Details_Next,1.13,1.38,1.6,1.47,1.5,1.56,638,0,0,1.19,1.45,1.69,1.59,1.62,1.67,140,0,0,-0.07,-5.07
S10_NYMECM_MP_Navigation_S04_T02_Click_SignIn_Enter_Credentials_Login,1.38,1.48,1.93,1.51,1.51,1.54,7977,861,9.74,1.49,1.58,1.7,1.62,1.63,1.65,1195,117,8.92,-0.1,-6.76
S05_NYMECM_AP_RC_S01_2HH_MaMsp_T03_Search_Select_Manage,1.19,1.42,1.78,1.47,1.48,1.51,1214,0,0,1.18,1.5,1.72,1.59,1.6,1.64,240,0,0,-0.08,-5.63
S06_NYMECM_MP_RC_S02_1HH_MaMsp_T25_Enter_Savings_Account_Information_Next,1.03,1.31,1.51,1.39,1.42,1.44,1064,0,0,1.08,1.38,1.72,1.52,1.59,1.64,213,0,0,-0.07,-5.34
S07_NYMECM_AP_RC_S03_2HH_MaMsp_T10_Change_Summary,0.99,1.3,1.65,1.39,1.4,1.41,1198,206,14.67,1.04,1.36,1.67,1.51,1.55,1.63,304,0,0,-0.06,-4.62
S06_NYMECM_MP_RC_S02_1HH_MaMsp_T19_Enter_Vehicle_Information_Next,1.01,1.25,1.45,1.32,1.34,1.4,1089,0,0,1.04,1.31,1.69,1.46,1.48,1.62,213,0,0,-0.06,-4.8
S06_NYMECM_MP_RC_S02_1HH_MaMsp_T22_Enter_Life_Insurace_Information_Next,1.08,1.3,1.56,1.39,1.4,1.43,1078,0,0,1.05,1.36,1.64,1.51,1.54,1.59,212,0,0,-0.06,-4.62
S01_NYMECM_AP_1HH_MaMsp_T12_Add_SSRI_Details,0.89,1.27,1.56,1.35,1.35,1.37,1092,0,0,1.03,1.3,1.62,1.44,1.52,1.58,134,0,0,-0.03,-2.36
S03_NYMECM_AP_2HH_MAMSP_T27_Reporting_Household_Resources,0.94,1.26,1.52,1.36,1.4,1.4,627,0,0,1.01,1.3,1.61,1.46,1.5,1.58,141,0,0,-0.04,-3.17
S05_NYMECM_AP_RC_S01_2HH_MaMsp_T25_Change_Summary,1,1.24,1.47,1.33,1.33,1.47,901,156,14.76,0.9,1.28,1.58,1.43,1.48,1.55,212,0,0,-0.04,-3.23
S06_NYMECM_MP_RC_S02_1HH_MaMsp_T03_Click_Report_My_Change_Button,1.03,1.21,1.5,1.28,1.3,1.34,1149,0,0,1.09,1.33,1.56,1.45,1.48,1.54,214,0,0,-0.12,-9.92
S06_NYMECM_MP_RC_S02_1HH_MaMsp_T27_Change_Summary_Next,0.99,1.28,1.49,1.35,1.38,1.4,888,163,15.51,1.05,1.32,1.55,1.46,1.5,1.54,212,0,0,-0.04,-3.13
S03_NYMECM_AP_2HH_MAMSP_T37_Application_Summary,0.91,1.22,1.5,1.33,1.36,1.41,501,87,14.8,0.98,1.27,1.58,1.42,1.45,1.53,142,0,0,-0.05,-4.1
S05_NYMECM_AP_RC_S01_2HH_MaMsp_T19_2HH_Reporting_Household_Resources,0.9,1.26,1.53,1.34,1.38,1.4,1094,0,0,0.95,1.28,1.65,1.44,1.48,1.52,213,0,0,-0.02,-1.59
S03_NYMECM_AP_2HH_MAMSP_T21_2HH_Benefit_and_Additional_Income,0.89,1.21,1.5,1.33,1.33,1.35,646,0,0,0.94,1.27,1.64,1.43,1.46,1.51,140,0,0,-0.06,-4.96
S03_NYMECM_AP_2HH_MAMSP_T22_Summary_of_Household_Income,1.06,1.22,1.43,1.3,1.32,1.41,641,0,0,1.01,1.28,1.6,1.39,1.4,1.5,142,0,0,-0.06,-4.92
S05_NYMECM_AP_RC_S01_2HH_MaMsp_T14_2HH_Benefit_and_Additional_Income,0.84,1.24,1.58,1.35,1.34,1.35,1120,0,0,0.94,1.24,1.57,1.42,1.45,1.5,213,0,0,0,0
S06_NYMECM_MP_RC_S02_1HH_MaMsp_T30_Click_Return_to_Dashboard,1.13,1.25,1.42,1.3,1.32,1.36,788,0,0,1.21,1.35,1.81,1.42,1.45,1.5,211,0,0,-0.1,-8
S06_NYMECM_MP_RC_S02_1HH_MaMsp_T12_Summary_of_Household_Income,1.12,1.28,1.46,1.34,1.35,1.36,1116,0,0,1.17,1.32,1.56,1.42,1.45,1.49,213,0,0,-0.04,-3.13
S11_NYMECM_MP_2HH_MA_MSP_APRI_T27_Application_Summary,0.87,1.17,1.38,1.28,1.3,1.34,485,126,20.62,0.95,1.22,1.5,1.36,1.38,1.49,142,0,0,-0.05,-4.27
S03_NYMECM_AP_2HH_MAMSP_T19_1HH_Benefit_and_Affitional_Income,0.87,1.21,1.49,1.34,1.36,1.41,648,0,0,0.95,1.24,1.5,1.41,1.44,1.47,133,0,0,-0.03,-2.48
S08_NYMECM_AP_Renewals_S03_2HH_MaMsp_T10_Renewal_Summary,0.92,1.22,1.43,1.29,1.29,1.33,2426,514,17.48,0.9,1.26,1.6,1.38,1.4,1.47,605,0,0,-0.04,-3.28
S04_NYMECM_MP_2HH_MaMsp_T29_Application_Summary,0.85,1.16,1.5,1.28,1.28,1.29,361,69,16.05,0.91,1.2,1.45,1.32,1.37,1.43,133,0,0,-0.04,-3.45
S06_NYMECM_MP_RC_S02_1HH_MaMsp_T31_Click_Manage_Health_Plan,1.02,1.14,2.09,1.18,1.17,1.23,786,0,0,1.14,1.27,1.47,1.34,1.37,1.42,212,0,0,-0.13,-11.4
S04_NYMECM_MP_2HH_MaMsp_T24_Reporting_Household_Resources,0.88,1.13,1.4,1.24,1.24,1.33,445,0,0,0.86,1.16,1.42,1.27,1.34,1.4,141,0,0,-0.03,-2.65
S05_NYMECM_AP_RC_S01_2HH_MaMsp_T05_Select_Modules_to_Report_Change,0.92,1.14,1.42,1.22,1.19,1.2,1170,0,0,0.84,1.15,1.4,1.29,1.32,1.38,240,0,0,-0.01,-0.88
S11_NYMECM_MP_2HH_MA_MSP_APRI_T17_Reporting_Household_Resources_Next,0.86,1.13,1.38,1.23,1.24,1.28,652,0,0,0.92,1.16,1.41,1.31,1.32,1.37,126,0,0,-0.03,-2.65
S05_NYMECM_AP_RC_S01_2HH_MaMsp_T09_Summary_of_People_in_Your_Home_Next,0.79,1.09,1.29,1.17,1.17,1.19,1146,0,0,0.91,1.13,1.39,1.26,1.31,1.34,232,0,0,-0.04,-3.67
S06_NYMECM_MP_RC_S02_1HH_MaMsp_T13_Income_Tax_Details,0.63,0.93,1.3,1.05,1.13,1.18,1110,0,0,0.58,0.98,1.37,1.23,1.27,1.34,214,0,0,-0.05,-5.38
S01_NYMECM_AP_1HH_MaMsp_T13_Summary_Next,1,1.14,1.35,1.19,1.2,1.22,1089,0,0,1.01,1.17,1.33,1.28,1.3,1.32,135,0,0,-0.03,-2.63
S06_NYMECM_MP_RC_S02_1HH_MaMsp_T04_Select_Modules_to_Report_Change,0.84,1.09,1.42,1.18,1.16,1.42,1149,0,0,0.84,1.1,1.35,1.24,1.26,1.31,214,0,0,-0.01,-0.92
S01_NYMECM_AP_1HH_MaMsp_T22_Application_Summary,0.81,1.02,1.21,1.09,1.09,1.09,474,40,7.78,0.86,1.06,1.43,1.16,1.21,1.29,138,0,0,-0.04,-3.92
S06_NYMECM_MP_RC_S02_1HH_MaMsp_T11_Benefit_Additional_Income_Next,0.84,1.03,1.3,1.11,1.09,1.12,1121,0,0,0.77,1.04,1.32,1.16,1.2,1.28,214,0,0,-0.01,-0.97
S01_NYMECM_AP_1HH_MaMsp_T18_Reporting_Household_Resources,0.81,1.05,1.3,1.12,1.12,1.13,803,97,10.78,0.8,1.09,1.3,1.22,1.23,1.27,135,0,0,-0.04,-3.81
S02_NYMECM_MP_1HH_MSP_T17_Benefit_and_Additional_Income,0.78,1.01,1.23,1.1,1.11,1.15,512,0,0,0.8,1.02,1.27,1.14,1.2,1.23,141,0,0,-0.01,-0.99
S07_NYMECM_AP_RC_S03_2HH_MaMsp_T02_SignIn_Enter_Credentials_Login,0.81,1.04,1.37,1.08,1.1,1.1,1489,2,0.13,0.93,1.08,1.25,1.15,1.18,1.23,249,0,0,-0.04,-3.85
S02_NYMECM_MP_1HH_MSP_T22_Application_Summary,0.79,1,1.49,1.1,1.1,1.15,443,54,10.87,0.84,1.04,1.24,1.14,1.16,1.22,141,0,0,-0.04,-4
S02_NYMECM_MP_1HH_MSP_T09_Account_Holder,0.82,1.05,1.6,1.1,1.11,1.6,554,0,0,0.98,1.07,1.2,1.12,1.13,1.19,142,0,0,-0.02,-1.9
S05_NYMECM_AP_RC_S01_2HH_MaMsp_T02_Sign_In_Enter_Credentials_Login,0.82,0.99,1.3,1.04,1.04,1.05,1214,2,0.16,0.88,1.03,1.23,1.09,1.11,1.16,240,0,0,-0.04,-4.04
S08_NYMECM_AP_Renewals_S03_2HH_MaMsp_T04_Start_Renewal,0.78,0.91,1.16,0.95,0.97,1,3061,0,0,0.87,1.02,1.47,1.09,1.12,1.15,605,0,0,-0.11,-12.09
S08_NYMECM_AP_Renewals_S03_2HH_MaMsp_T02_Login,0.85,0.99,1.57,1.03,1.02,1.05,3069,2,0.07,0.9,1.04,1.28,1.09,1.11,1.14,606,2,0.33,-0.05,-5.05
S03_NYMECM_AP_2HH_MAMSP_T02_Click_Sign_In_Enter_Credentials_Next,0.8,0.93,1.49,0.99,0.99,1.02,679,0,0,0.89,0.98,1.12,1.05,1.07,1.12,99,0,0,-0.05,-5.38
S03_NYMECM_AP_2HH_MAMSP_T38_Before_You_Submit,0.75,0.92,1.12,1.01,1.06,1.08,497,1,0.2,0.7,0.94,1.16,1.07,1.09,1.12,141,0,0,-0.02,-2.17
S05_NYMECM_AP_RC_S01_2HH_MaMsp_T26_Before_You_Submit,0.73,0.93,1.16,1,1.01,1.05,899,0,0,0.7,0.93,1.2,1.05,1.08,1.12,213,0,0,0,0
S07_NYMECM_AP_RC_S03_2HH_MaMsp_T11_Before_You_Submit,0.7,0.92,1.09,0.99,0.99,1.01,1197,0,0,0.72,0.93,1.16,1.05,1.07,1.12,302,0,0,-0.01,-1.09
S01_NYMECM_AP_1HH_MaMsp_T02_Click_Sign_In_Enter_Credentials_Next,0.81,0.93,1.38,0.98,0.99,1.06,1108,0,0,0.88,0.98,1.14,1.04,1.07,1.11,134,0,0,-0.05,-5.38
S11_NYMECM_MP_2HH_MA_MSP_APRI_T06_Getting_Healthcare_with_NYSOH_Click_Next,0.74,0.93,1.29,1.04,1,1.01,683,0,0,0.81,0.94,1.1,1.05,1.07,1.1,88,0,0,-0.01,-1.08
S11_NYMECM_MP_2HH_MA_MSP_APRI_T09_Relationships_Next,0.71,0.9,1.21,0.98,0.93,1.03,674,0,0,0.73,0.91,1.1,1.03,1.07,1.1,98,0,0,-0.01,-1.11
S11_NYMECM_MP_2HH_MA_MSP_APRI_T07_Account_Holder_Next,0.6,0.83,1.07,0.93,0.91,0.93,680,0,0,0.63,0.85,1.08,0.97,1,1.08,90,0,0,-0.02,-2.41
S06_NYMECM_MP_RC_S02_1HH_MaMsp_T28_Before_You_Submit_Next,0.63,0.86,1.07,0.94,0.91,1,884,0,0,0.68,0.87,1.12,0.98,1.01,1.07,213,0,0,-0.01,-1.16
S03_NYMECM_AP_2HH_MAMSP_T05_Click_Next_To_Continue,0.65,0.88,1.32,0.98,0.94,1.01,679,0,0,0.73,0.89,1.06,0.98,1,1.06,99,0,0,-0.01,-1.14
S08_NYMECM_AP_Renewals_S03_2HH_MaMsp_T11_Before_You_Submit,0.77,0.9,1.1,0.95,0.93,0.98,2422,0,0,0.7,0.91,1.18,0.99,1.02,1.06,604,0,0,-0.01,-1.11
S11_NYMECM_MP_2HH_MA_MSP_APRI_T10_Healthcare_Needs_Next,0.66,0.88,1.08,0.97,0.96,0.99,671,0,0,0.72,0.91,1.07,1.03,1.05,1.06,101,0,0,-0.03,-3.41
S02_NYMECM_MP_1HH_MSP_T14_Healthcare_Needs,0.69,0.84,1.03,0.9,0.91,1.03,522,0,0,0.69,0.87,1.22,0.96,0.99,1.04,142,0,0,-0.03,-3.57
S03_NYMECM_AP_2HH_MAMSP_T07_1HH_Address_Validation_Submit,0.62,0.85,1.1,0.93,0.93,0.94,679,0,0,0.64,0.85,1.04,0.97,1.01,1.04,99,0,0,0,0
S01_NYMECM_AP_1HH_MaMsp_T05_Next_To_Continue,0.61,0.88,1.3,0.97,0.92,1.02,1108,0,0,0.68,0.87,1.04,0.97,1,1.03,134,0,0,0.01,1.14
S02_NYMECM_MP_1HH_MSP_T08_Getting_Health_Care_with_NYSOH,0.69,0.85,1.3,0.93,0.92,1.09,559,0,0,0.69,0.84,1.03,0.93,0.96,1.02,141,0,0,0.01,1.18
S03_NYMECM_AP_2HH_MAMSP_T17_Reporting_Household_Income,0.59,0.79,1.02,0.88,0.92,0.94,655,0,0,0.57,0.83,1.04,0.95,0.99,1.02,126,0,0,-0.04,-5.06
S07_NYMECM_AP_RC_S03_2HH_MaMsp_T13_Back_to_AP_Dashboard,0.68,0.78,0.9,0.81,0.82,0.82,1097,0,0,0.73,0.82,1.06,0.88,0.91,1.02,288,0,0,-0.04,-5.13
S11_NYMECM_MP_2HH_MA_MSP_APRI_T08_Summary_People_in_Home_Next,0.62,0.76,1.01,0.84,0.85,0.89,678,0,0,0.65,0.8,1.02,0.9,0.92,1.02,94,0,0,-0.04,-5.26
S01_NYMECM_AP_1HH_MaMsp_T23_Before_You_Submit,0.62,0.83,0.99,0.9,0.93,0.93,434,36,7.66,0.7,0.84,1.03,0.94,0.96,1.01,141,0,0,-0.01,-1.2
S03_NYMECM_AP_2HH_MAMSP_T47_1HH_Select_Plan,0.65,0.8,0.93,0.86,0.86,0.87,429,0,0,0.48,0.87,1.01,0.94,0.96,1.01,112,0,0,-0.07,-8.75
S04_NYMECM_MP_2HH_MaMsp_T06_Next_To_Continue,0.67,0.85,1.24,0.95,0.93,1.16,537,0,0,0.7,0.84,1.02,0.9,0.94,1.01,140,0,0,0.01,1.18
S04_NYMECM_MP_2HH_MaMsp_T35_2HH_Select_Plan,0.67,0.82,3.17,0.86,0.88,0.89,323,0,0,0.79,0.89,1.01,0.95,0.98,1.01,30,0,0,-0.07,-8.54
S02_NYMECM_MP_1HH_MSP_T03_Verify_My_Identity,0.6,0.92,1.59,0.95,0.93,0.95,603,0,0,0.86,0.92,1,0.96,0.97,1,62,0,0,0,0
S02_NYMECM_MP_1HH_MSP_T10_Address_Validation_Submit,0.53,0.77,1.08,0.86,0.88,1.08,551,0,0,0.56,0.78,1.01,0.89,0.92,1,142,0,0,-0.01,-1.3
S03_NYMECM_AP_2HH_MAMSP_T15_Relationships,0.56,0.8,1.01,0.88,0.9,0.92,659,0,0,0.63,0.82,1.03,0.93,0.95,0.99,118,0,0,-0.02,-2.5
S04_NYMECM_MP_2HH_MaMsp_T37_2HH_Select_Plan,0.64,0.78,0.96,0.84,0.84,0.84,321,0,0,0.8,0.88,0.99,0.93,0.96,0.99,22,0,0,-0.1,-12.82
S05_NYMECM_AP_RC_S01_2HH_MaMsp_T12_Reporting_Household_Income,0.59,0.8,1.06,0.88,0.89,0.9,1129,0,0,0.56,0.81,1.04,0.91,0.95,0.99,216,0,0,-0.01,-1.25
S11_NYMECM_MP_2HH_MA_MSP_APRI_T33_Click_Plan_Card_Select_Plan,0.38,0.8,0.91,0.86,0.88,0.9,438,0,0,0.76,0.87,1,0.95,0.96,0.99,126,0,0,-0.07,-8.75
S01_NYMECM_AP_1HH_MaMsp_T25_Back_to_AP_Dashboard,0.68,0.78,0.88,0.82,0.8,0.8,370,22,5.61,0.72,0.83,1.01,0.89,0.94,0.98,142,0,0,-0.05,-6.41
S05_NYMECM_AP_RC_S01_2HH_MaMsp_T08_2HH_Additional_Details,0.49,0.71,0.93,0.79,0.79,0.8,1149,0,0,0.43,0.72,1.02,0.86,0.91,0.97,237,0,0,-0.01,-1.41
S05_NYMECM_AP_RC_S01_2HH_MaMsp_T28_Back_to_AP_Dashboard,0.7,0.8,1,0.84,0.84,0.85,819,0,0,0.73,0.85,0.98,0.91,0.93,0.97,212,0,0,-0.05,-6.25
S03_NYMECM_AP_2HH_MAMSP_T40_Back_to_AP_Dashboard,0.69,0.78,1.52,0.83,0.83,0.86,451,0,0,0.72,0.84,0.98,0.9,0.92,0.96,141,0,0,-0.06,-7.69
S03_NYMECM_AP_2HH_MAMSP_T49_2HH_Select_Plan,0.61,0.77,0.94,0.83,0.82,0.83,428,0,0,0.51,0.85,0.97,0.92,0.94,0.96,105,0,0,-0.08,-10.39
S08_NYMECM_AP_Renewals_S03_2HH_MaMsp_T13_Back_to_Dashboard,0.7,0.78,0.92,0.81,0.83,0.85,2235,0,0,0.74,0.84,1,0.88,0.89,0.96,601,0,0,-0.06,-7.69
S10_NYMECM_MP_Navigation_S04_T05_Goto_Documents_On_My_Case,0.76,0.83,0.91,0.86,0.86,0.89,7336,0,0,0.85,0.91,0.98,0.94,0.95,0.96,1843,0,0,-0.08,-9.64
S04_NYMECM_MP_2HH_MaMsp_T15_Reporting_Household_Income,0.57,0.76,1.01,0.85,0.88,0.91,474,0,0,0.52,0.77,1,0.88,0.9,0.95,142,0,0,-0.01,-1.32
S05_NYMECM_AP_RC_S01_2HH_MaMsp_T10_Relationships,0.54,0.75,1,0.82,0.81,0.82,1136,0,0,0.56,0.76,1,0.87,0.9,0.95,227,0,0,-0.01,-1.33
S04_NYMECM_MP_2HH_MaMsp_T30_Before_You_Submit,0.58,0.77,0.95,0.85,0.86,0.91,360,0,0,0.59,0.78,0.96,0.89,0.91,0.94,130,0,0,-0.01,-1.3
S07_NYMECM_AP_RC_S03_2HH_MaMsp_T07_Select_Resource_Next,0.48,0.72,0.91,0.79,0.78,0.81,1416,0,0,0.49,0.73,0.96,0.84,0.89,0.94,304,0,0,-0.01,-1.39
S11_NYMECM_MP_2HH_MA_MSP_APRI_T02_Click_Sign_In_Enter_Credentials_Login,0.7,0.83,1.05,0.87,0.87,0.87,683,7,1.01,0.73,0.85,0.94,0.9,0.92,0.94,90,0,0,-0.02,-2.41
S11_NYMECM_MP_2HH_MA_MSP_APRI_T28_Before_You_Submit,0.55,0.74,0.92,0.82,0.86,0.87,484,0,0,0.57,0.74,0.95,0.85,0.88,0.93,142,0,0,0,0
S01_NYMECM_AP_1HH_MaMsp_T11_Reporting_Household_Income,0.57,0.73,0.97,0.78,0.78,0.82,1094,0,0,0.52,0.74,0.94,0.84,0.87,0.92,135,0,0,-0.01,-1.37
S02_NYMECM_MP_1HH_MSP_T23_Before_You_Submit,0.58,0.76,0.91,0.83,0.83,0.91,440,0,0,0.61,0.77,0.92,0.86,0.88,0.92,141,0,0,-0.01,-1.32
S03_NYMECM_AP_2HH_MAMSP_T10_1HH_People_Additional_Details,0.42,0.65,0.88,0.74,0.76,0.87,676,0,0,0.43,0.66,0.92,0.83,0.87,0.92,99,0,0,-0.01,-1.54
S10_NYMECM_MP_Navigation_S04_T09_Click_Authorized_Representative,0.69,0.77,0.84,0.8,0.8,0.84,6589,0,0,0.8,0.85,1.07,0.88,0.89,0.91,1552,0,0,-0.08,-10.39
S11_NYMECM_MP_2HH_MA_MSP_APRI_T35_Click_Plan_Card_Select_Plan,0.48,0.74,0.86,0.79,0.8,0.81,437,0,0,0.69,0.81,0.92,0.88,0.89,0.9,120,0,0,-0.07,-9.46
S05_NYMECM_AP_RC_S01_2HH_MaMsp_T11_Healthcare_Needs,0.52,0.7,0.92,0.77,0.76,0.83,1130,0,0,0.46,0.7,0.91,0.82,0.85,0.89,221,0,0,0,0
S10_NYMECM_MP_Navigation_S04_T04_Click_Documents_Needed,0.7,0.77,0.86,0.79,0.79,0.79,7644,0,0,0.79,0.84,0.91,0.87,0.88,0.89,1676,0,0,-0.07,-9.09
S03_NYMECM_AP_2HH_MAMSP_T16_Healthcare_Needs,0.49,0.67,0.89,0.75,0.75,0.84,657,0,0,0.51,0.69,0.89,0.82,0.84,0.88,122,0,0,-0.02,-2.99
S04_NYMECM_MP_2HH_MaMsp_T09_Husband_Additional_Details,0.48,0.66,0.88,0.75,0.79,0.8,510,0,0,0.49,0.67,0.89,0.8,0.83,0.88,141,0,0,-0.01,-1.52
S06_NYMECM_MP_RC_S02_1HH_MaMsp_T09_Healthcare_Needs_Add_MA_Next,0.55,0.72,0.9,0.79,0.82,0.85,1125,0,0,0.54,0.72,0.91,0.82,0.86,0.88,215,0,0,0,0
S04_NYMECM_MP_2HH_MaMsp_T13_Relationships,0.46,0.69,0.88,0.77,0.8,0.85,480,0,0,0.51,0.7,0.9,0.8,0.81,0.87,142,0,0,-0.01,-1.45
S02_NYMECM_MP_1HH_MSP_T15_Reporting_Household_Income,0.51,0.68,0.86,0.77,0.75,0.8,516,0,0,0.55,0.69,0.87,0.78,0.8,0.86,140,0,0,-0.01,-1.47
S03_NYMECM_AP_2HH_MAMSP_T13_2HH_Additional_Details,0.42,0.64,0.83,0.74,0.74,0.76,662,0,0,0.43,0.67,0.87,0.82,0.86,0.86,112,0,0,-0.03,-4.69
S06_NYMECM_MP_RC_S02_1HH_MaMsp_T18_Select_Vehicle_Resource_Option_Next,0.43,0.65,0.84,0.72,0.72,0.73,1091,0,0,0.45,0.66,0.89,0.78,0.82,0.86,212,0,0,-0.01,-1.54
S06_NYMECM_MP_RC_S02_1HH_MaMsp_T21_Select_Life_Insurance_Resources_Next,0.45,0.66,0.85,0.73,0.74,0.77,1082,0,0,0.45,0.68,0.88,0.78,0.82,0.85,212,0,0,-0.02,-3.03
S08_NYMECM_AP_Renewals_S03_2HH_MaMsp_T07_Account_Holder,0.55,0.7,0.93,0.75,0.74,0.75,2980,0,0,0.46,0.7,0.92,0.78,0.81,0.85,603,0,0,0,0
S01_NYMECM_AP_1HH_MaMsp_T09_Summary_People_In_Your_Home,0.42,0.63,0.85,0.68,0.69,0.69,1105,0,0,0.48,0.64,0.88,0.75,0.78,0.84,134,0,0,-0.01,-1.59
S01_NYMECM_AP_1HH_MaMsp_T10_Healthcare_Needs,0.4,0.63,0.81,0.69,0.7,0.71,1100,0,0,0.46,0.64,0.84,0.75,0.78,0.83,134,0,0,-0.01,-1.59
S06_NYMECM_MP_RC_S02_1HH_MaMsp_T24_Select_Bank_Account_Resources_Next,0.43,0.63,0.87,0.7,0.71,0.74,1069,0,0,0.43,0.64,0.84,0.77,0.8,0.83,212,0,0,-0.01,-1.59
S10_NYMECM_MP_Navigation_S04_T08_Goto_My_Assistor,0.63,0.72,0.79,0.74,0.74,0.75,6831,0,0,0.71,0.77,0.9,0.8,0.8,0.83,1843,0,0,-0.05,-6.94
S04_NYMECM_MP_2HH_MaMsp_T14_Healthcare_Needs,0.48,0.65,0.85,0.74,0.74,0.77,477,0,0,0.5,0.66,0.83,0.76,0.78,0.82,141,0,0,-0.01,-1.54
S03_NYMECM_AP_2HH_MAMSP_T14_Summary_of_People_in_Your_Home,0.44,0.6,0.74,0.67,0.68,0.69,661,0,0,0.49,0.63,0.82,0.72,0.73,0.81,115,0,0,-0.03,-5
S10_NYMECM_MP_Navigation_S04_T03_Click_Inbox,0.64,0.71,0.93,0.74,0.74,0.74,7870,0,0,0.71,0.76,0.81,0.79,0.8,0.81,1310,0,0,-0.05,-7.04
S01_NYMECM_AP_1HH_MaMsp_T29_Select_Plan,0.5,0.63,0.76,0.68,NA,NA,120,0,0,0.47,0.68,0.82,0.74,0.77,0.8,139,0,0,-0.05,-7.94
S05_NYMECM_AP_RC_S01_2HH_MaMsp_T15_Summary_of_Household_Income,0.35,0.61,0.83,0.68,0.69,0.7,1115,0,0,0.42,0.62,0.88,0.72,0.75,0.8,212,0,0,-0.01,-1.64
S04_NYMECM_MP_2HH_MaMsp_T11_Wife_Additional_Details,0.37,0.57,0.74,0.65,0.66,0.68,488,0,0,0.38,0.59,0.84,0.72,0.74,0.79,142,0,0,-0.02,-3.51
S01_NYMECM_AP_1HH_MaMsp_T08_People_Additional_Details,0.35,0.6,0.79,0.66,0.66,0.7,1108,0,0,0.41,0.62,0.79,0.72,0.77,0.78,134,0,0,-0.02,-3.33
S02_NYMECM_MP_1HH_MSP_T13_Summary_of_People_in_Your_Home,0.45,0.6,0.78,0.68,0.7,0.73,529,0,0,0.46,0.62,0.79,0.72,0.74,0.77,141,0,0,-0.02,-3.33
S06_NYMECM_MP_RC_S02_1HH_MaMsp_T07_People_in_Your_Home_Additional_Details_Next,0.4,0.57,0.85,0.65,0.64,0.65,1133,0,0,0.36,0.59,0.78,0.72,0.74,0.77,214,0,0,-0.02,-3.51
S03_NYMECM_AP_2HH_MAMSP_T23_Tax_Information,0.46,0.6,0.76,0.65,0.66,0.69,639,0,0,0.48,0.6,0.76,0.68,0.7,0.75,141,0,0,0,0
S03_NYMECM_AP_2HH_MAMSP_T34_Add_Real_Property_Details,0.39,0.55,0.7,0.63,0.64,0.68,598,0,0,0.44,0.59,0.78,0.69,0.72,0.75,141,0,0,-0.04,-7.27
S10_NYMECM_MP_Navigation_S04_T07_Click_Appeals,0.57,0.65,0.74,0.67,0.67,0.68,7001,0,0,0.64,0.7,0.75,0.73,0.73,0.75,1843,0,0,-0.05,-7.69
S02_NYMECM_MP_1HH_MSP_T05_Verify_1HH_Identity_Submit,0.53,0.66,2.03,0.71,0.72,0.74,591,0,0,0.57,0.67,0.75,0.72,0.73,0.74,111,0,0,-0.01,-1.52
S04_NYMECM_MP_2HH_MaMsp_T12_Summary_of_People_in_Your_Home,0.43,0.58,0.72,0.65,0.65,0.72,484,0,0,0.46,0.6,0.73,0.68,0.69,0.72,141,0,0,-0.02,-3.45
S04_NYMECM_MP_2HH_MaMsp_T18_Summary_Household_Income,0.43,0.58,0.74,0.66,0.64,0.72,462,0,0,0.4,0.58,0.73,0.68,0.69,0.72,142,0,0,0,0
S01_NYMECM_AP_1HH_MaMsp_T14_Income_Additional_Details,0.37,0.58,0.74,0.62,0.63,0.65,1074,14,1.29,0.45,0.59,0.72,0.66,0.69,0.71,133,0,0,-0.01,-1.72
S03_NYMECM_AP_2HH_MAMSP_T43C_Doc_Preview_Submit,0.33,0.51,0.66,0.56,0.56,0.62,437,0,0,0.49,0.6,0.71,0.66,0.67,0.71,140,0,0,-0.09,-17.65
S10_NYMECM_MP_Navigation_S04_T06_Click_My_Submissions,0.55,0.6,0.68,0.62,0.63,0.65,7169,0,0,0.61,0.66,0.73,0.69,0.69,0.71,1843,0,0,-0.06,-10
S10_NYMECM_MP_Navigation_S04_T10_Click_Linked_Users,0.54,0.6,0.72,0.62,0.63,0.64,6421,0,0,0.6,0.66,0.72,0.68,0.69,0.7,1278,0,0,-0.06,-10
S02_NYMECM_MP_1HH_MSP_T12_People_Additional_Details,0.35,0.52,0.7,0.59,0.6,0.7,534,0,0,0.34,0.52,0.73,0.62,0.66,0.69,142,0,0,0,0
S07_NYMECM_AP_RC_S03_2HH_MaMsp_T16C_Doc_Preview_Submit,0.42,0.53,0.66,0.56,0.56,0.57,1055,0,0,0.48,0.6,0.7,0.65,0.67,0.69,262,0,0,-0.07,-13.21
S07_NYMECM_AP_RC_S03_2HH_MaMsp_T17_Documents_on_My_Account,0.45,0.54,0.69,0.57,0.57,0.59,1054,0,0,0.47,0.56,0.68,0.61,0.62,0.67,257,0,0,-0.02,-3.7
S02_NYMECM_MP_1HH_MSP_T18_Summary_of_Household_Income,0.33,0.51,0.68,0.57,0.57,0.59,510,0,0,0.39,0.52,0.66,0.6,0.62,0.66,141,0,0,-0.01,-1.96
S05_NYMECM_AP_RC_S01_2HH_MaMsp_T16_2HH_Tax_Information,0.4,0.53,0.7,0.57,0.57,0.58,1109,0,0,0.38,0.53,0.68,0.6,0.63,0.65,212,0,0,0,0
S03_NYMECM_AP_2HH_MAMSP_T26_Other_Health_Insurance,0.36,0.49,0.7,0.54,0.55,0.7,629,0,0,0.36,0.5,0.65,0.58,0.6,0.64,142,0,0,-0.01,-2.04
S05_NYMECM_AP_RC_S01_2HH_MaMsp_T18_Other_Health_Insurance,0.32,0.5,0.63,0.54,0.55,0.59,1101,0,0,0.36,0.5,1.17,0.58,0.59,0.62,212,0,0,0,0
S01_NYMECM_AP_1HH_MaMsp_T17_Other_Health_Insurance,0.34,0.48,0.62,0.52,0.52,0.52,903,70,7.19,0.35,0.48,0.68,0.55,0.57,0.61,135,0,0,0,0
S02_NYMECM_MP_1HH_MSP_T02_SignIn_Enter_Credentials_Login,0.42,0.51,0.68,0.55,0.57,0.58,603,0,0,0.44,0.52,0.61,0.57,0.58,0.61,48,0,0,-0.01,-1.96
S03_NYMECM_AP_2HH_MAMSP_T44_Documents_on_My_Case,0.36,0.46,0.65,0.5,0.51,0.54,436,0,0,0.36,0.48,0.61,0.54,0.55,0.61,141,0,0,-0.02,-4.35
S04_NYMECM_MP_2HH_MaMsp_T19_Income_Additional_Details,0.38,0.48,0.6,0.53,0.52,0.55,459,0,0,0.4,0.49,0.64,0.56,0.57,0.61,141,0,0,-0.01,-2.08
S06_NYMECM_MP_RC_S02_1HH_MaMsp_T33_Select_Plan,0.41,0.48,1.78,0.51,0.52,0.57,780,0,0,0.43,0.52,0.62,0.56,0.58,0.61,212,0,0,-0.04,-8.33
S01_NYMECM_AP_1HH_MaMsp_T15_Court_Ordered_Support,0.32,0.47,0.59,0.51,0.51,0.51,1007,66,6.15,0.34,0.48,0.62,0.55,0.56,0.6,134,0,0,-0.01,-2.13
S02_NYMECM_MP_1HH_MSP_T19_Tax_Information,0.39,0.48,0.58,0.53,0.53,0.56,507,0,0,0.37,0.49,0.6,0.56,0.57,0.6,142,0,0,-0.01,-2.08
S04_NYMECM_MP_2HH_MaMsp_T23_Expenses_Other_Health_Insurance,0.34,0.46,0.58,0.51,0.51,0.54,445,0,0,0.3,0.46,0.6,0.53,0.55,0.6,141,0,0,0,0
S06_NYMECM_MP_RC_S02_1HH_MaMsp_T15_Summary_of_Court_Ordered_Support_Next,0.36,0.49,0.6,0.54,0.55,0.57,1099,0,0,0.34,0.49,0.62,0.56,0.57,0.6,213,0,0,0,0
S04_NYMECM_MP_2HH_MaMsp_T02_Sign_In_Enter_credentials_Login,0.36,0.47,0.59,0.5,0.5,0.53,577,0,0,0.43,0.48,0.58,0.52,0.52,0.58,42,0,0,-0.01,-2.13
S04_NYMECM_MP_2HH_MaMsp_T21_Add_Another_Court_Ordered_Support,0.37,0.46,0.56,0.5,0.52,0.54,448,0,0,0.36,0.46,0.59,0.52,0.54,0.58,141,0,0,0,0
S11_NYMECM_MP_2HH_MA_MSP_APRI_T15_Other_Expenses_Next,0.33,0.47,0.6,0.52,0.52,0.53,658,0,0,0.36,0.49,0.62,0.56,0.57,0.58,119,0,0,-0.02,-4.26
S03_NYMECM_AP_2HH_MAMSP_T24_1HH_Court_Ordered_Support,0.33,0.48,0.6,0.52,0.54,0.55,637,0,0,0.35,0.48,0.61,0.55,0.56,0.57,142,0,0,0,0
S08_NYMECM_AP_Renewals_S03_2HH_MaMsp_T05_Renew_My_Coverage_Next,0.32,0.43,0.59,0.47,0.48,0.49,3053,0,0,0.33,0.45,0.6,0.51,0.55,0.57,605,0,0,-0.02,-4.65
S04_NYMECM_MP_2HH_MaMsp_T20_Expenses_Court_Ordered_Support,0.34,0.45,0.59,0.5,0.5,0.52,452,0,0,0.32,0.45,0.57,0.51,0.53,0.56,142,0,0,0,0
S03_NYMECM_AP_2HH_MAMSP_T03_Click_Apply_For_Coverage,0.29,0.39,0.74,0.43,0.43,0.44,679,0,0,0.31,0.4,0.54,0.46,0.46,0.54,99,0,0,-0.01,-2.56
S07_NYMECM_AP_RC_S03_2HH_MaMsp_T15_Click_Documents_Needed,0.37,0.43,0.53,0.46,0.46,0.48,1090,0,0,0.38,0.46,0.55,0.49,0.5,0.53,278,0,0,-0.03,-6.98
S03_NYMECM_AP_2HH_MAMSP_T42_Documents_Needed,0.34,0.41,0.5,0.45,0.46,0.46,449,0,0,0.34,0.44,0.55,0.48,0.51,0.52,141,0,0,-0.03,-7.32
S11_NYMECM_MP_2HH_MA_MSP_APRI_T13_Summary_Court_Ordered_Support_Next,0.28,0.4,0.51,0.45,0.46,0.49,664,0,0,0.32,0.42,0.53,0.49,0.51,0.52,112,0,0,-0.02,-5
S02_NYMECM_MP_1HH_MSP_T28_Documents_on_My_Case,0.24,0.36,0.5,0.42,0.42,0.46,342,0,0,0.25,0.39,0.51,0.46,0.49,0.51,47,0,0,-0.03,-8.33
S01_NYMECM_AP_1HH_MaMsp_T16_Summary_Court_Ordered_Support,0.3,0.41,0.52,0.44,0.44,0.46,980,27,2.68,0.3,0.41,0.5,0.47,0.48,0.5,134,0,0,0,0
S03_NYMECM_AP_2HH_MAMSP_T25_Summary_of_Court_Ordered_Support,0.29,0.4,0.49,0.44,0.45,0.46,633,0,0,0.3,0.41,0.51,0.47,0.48,0.5,141,0,0,-0.01,-2.5
S05_NYMECM_AP_RC_S01_2HH_MaMsp_T17_Summary_of_Court_Ordered_Support,0.27,0.4,0.51,0.44,0.45,0.45,1105,0,0,0.31,0.4,0.52,0.48,0.48,0.5,213,0,0,0,0
S06_NYMECM_MP_RC_S02_1HH_MaMsp_T14_Court_Ordered_Support_Next,0.26,0.4,0.57,0.44,0.45,0.57,1105,0,0,0.28,0.41,0.52,0.47,0.49,0.5,213,0,0,-0.01,-2.5
S01_NYMECM_AP_1HH_MaMsp_T03_Apply_For_Coverage,0.3,0.38,0.51,0.42,0.43,0.43,1108,0,0,0.3,0.39,0.5,0.46,0.47,0.49,134,0,0,-0.01,-2.63
S04_NYMECM_MP_2HH_MaMsp_T22_Summary_Of_Court_Ordered_Support,0.28,0.39,0.54,0.43,0.44,0.46,447,0,0,0.29,0.4,0.48,0.46,0.46,0.48,142,0,0,-0.01,-2.56
S06_NYMECM_MP_RC_S02_1HH_MaMsp_T32_Click_View_Available_Plans,0.34,0.39,2.11,0.41,0.4,0.42,785,0,0,0.3,0.41,0.49,0.45,0.47,0.48,213,0,0,-0.02,-5.13
S02_NYMECM_MP_1HH_MSP_T20_Court_Ordered_Support,0.27,0.38,0.48,0.43,0.44,0.46,505,0,0,0.26,0.39,0.47,0.44,0.45,0.47,142,0,0,-0.01,-2.63
S05_NYMECM_AP_RC_S01_2HH_MaMsp_T13_Click_Add_2HH_SSRI_Details,0.19,0.31,0.45,0.36,0.36,0.4,1125,0,0,0.19,0.32,0.46,0.41,0.43,0.45,213,0,0,-0.01,-3.23
S02_NYMECM_MP_1HH_MSP_T06_Click_Apply_Now,0.26,0.34,0.44,0.38,0.39,0.43,570,0,0,0.26,0.35,0.45,0.41,0.42,0.44,133,0,0,-0.01,-2.94
S03_NYMECM_AP_2HH_MAMSP_T28_Add_Life_Insurance_Details,0.19,0.3,0.41,0.36,0.37,0.39,624,0,0,0.19,0.31,0.45,0.39,0.41,0.44,142,0,0,-0.01,-3.33
S03_NYMECM_AP_2HH_MAMSP_T30_Add_Bank_Account_Details,0.2,0.3,0.43,0.36,0.37,0.38,616,0,0,0.19,0.31,0.44,0.4,0.41,0.44,141,0,0,-0.01,-3.33
S04_NYMECM_MP_2HH_MaMsp_T04_Apply_For_Coverage,0.25,0.35,0.67,0.38,0.39,0.43,552,0,0,0.26,0.35,0.45,0.41,0.42,0.44,126,0,0,0,0
S03_NYMECM_AP_2HH_MAMSP_T18_Add_1HH_Income_Details,0.18,0.3,0.46,0.37,0.38,0.42,653,0,0,0.19,0.31,0.44,0.4,0.41,0.43,129,0,0,-0.01,-3.33
S03_NYMECM_AP_2HH_MAMSP_T20_2HH_Add_Income_Details,0.19,0.3,0.46,0.37,0.38,0.39,647,0,0,0.18,0.32,0.43,0.41,0.41,0.43,136,0,0,-0.02,-6.67
S05_NYMECM_AP_RC_S01_2HH_MaMsp_T22_click_Add_Vehicle_Details,0.19,0.31,0.41,0.36,0.36,0.39,1080,0,0,0.18,0.31,0.46,0.4,0.41,0.43,212,0,0,0,0
S11_NYMECM_MP_2HH_MA_MSP_APRI_T14_Expenses_PASS_Next,0.23,0.33,0.43,0.37,0.37,0.38,661,0,0,0.24,0.34,0.43,0.39,0.41,0.43,115,0,0,-0.01,-3.03
S03_NYMECM_AP_2HH_MAMSP_T32_Add_Cash_Details,0.18,0.29,0.41,0.36,0.37,0.39,609,0,0,0.19,0.31,0.46,0.39,0.4,0.42,141,0,0,-0.02,-6.9
S05_NYMECM_AP_RC_S01_2HH_MaMsp_T20_Click_Add_Life_Insurance_Details,0.19,0.31,0.47,0.36,0.36,0.37,1085,0,0,0.18,0.31,0.43,0.39,0.41,0.42,212,0,0,0,0
S11_NYMECM_MP_2HH_MA_MSP_APRI_T22_Click_Add_Details_Cash_Investments,0.18,0.29,0.41,0.35,0.36,0.37,636,0,0,0.19,0.3,0.41,0.38,0.39,0.41,142,0,0,-0.01,-3.45
S11_NYMECM_MP_2HH_MA_MSP_APRI_T24_Click_Add_Details_Vehicle,0.18,0.29,0.4,0.35,0.35,0.36,625,0,0,0.19,0.31,0.42,0.38,0.38,0.41,141,0,0,-0.02,-6.9
S11_NYMECM_MP_2HH_MA_MSP_APRI_T18_Click_Add_Details_Life_Insurance,0.17,0.29,0.4,0.35,0.36,0.38,650,0,0,0.21,0.3,0.41,0.38,0.39,0.4,130,0,0,-0.01,-3.45
S11_NYMECM_MP_2HH_MA_MSP_APRI_T20_Click_Add_Details_Bank_Account,0.19,0.29,0.59,0.36,0.37,0.39,641,0,0,0.21,0.31,0.41,0.38,0.38,0.4,136,0,0,-0.02,-6.9
S02_NYMECM_MP_1HH_MSP_T26_Documents_Needed,0.26,0.33,0.43,0.36,0.36,0.41,366,0,0,0.29,0.34,0.39,0.37,0.38,0.39,57,0,0,-0.01,-3.03
S06_NYMECM_MP_RC_S02_1HH_MaMsp_T10_Click_Edit_Income,0.17,0.27,0.39,0.32,0.34,0.34,1123,0,0,0.17,0.28,0.38,0.36,0.37,0.38,214,0,0,-0.01,-3.7
S11_NYMECM_MP_2HH_MA_MSP_APRI_T36_Click_Documents_Needed,0.24,0.29,0.38,0.32,0.31,0.34,437,0,0,0.24,0.3,0.36,0.35,0.35,0.36,109,0,0,-0.01,-3.45
S11_NYMECM_MP_2HH_MA_MSP_APRI_T38_Goto_Documents_on_My_Case,0.23,0.29,0.35,0.31,0.31,0.32,411,0,0,0.24,0.3,0.35,0.33,0.34,0.35,96,0,0,-0.01,-3.45
S02_NYMECM_MP_1HH_MSP_T16_Add_SSRI_Details,0.14,0.24,0.32,0.28,0.28,0.28,514,0,0,0.15,0.24,0.37,0.3,0.3,0.32,142,0,0,0,0
S01_NYMECM_AP_1HH_MaMsp_T28_Click_View_Available_Plans,0.18,0.22,0.29,0.24,NA,NA,120,3,2.44,0.19,0.23,0.3,0.26,0.27,0.29,140,0,0,-0.01,-4.55
S03_NYMECM_AP_2HH_MAMSP_T48_2HH_Click_View_Available_Plans,0.17,0.21,0.36,0.23,0.23,0.25,428,0,0,0.18,0.22,0.3,0.25,0.26,0.29,109,0,0,-0.01,-4.76
S11_NYMECM_MP_2HH_MA_MSP_APRI_T32_Click_View_Available_Plans_1HH,0.17,0.21,0.26,0.23,0.23,0.26,440,0,0,0.19,0.23,0.29,0.26,0.26,0.28,130,0,0,-0.02,-9.52
S11_NYMECM_MP_2HH_MA_MSP_APRI_T34_Click_View_Available_Plans_2HH,0.17,0.21,0.28,0.23,0.23,0.26,437,0,0,0.18,0.22,0.28,0.24,0.27,0.28,124,0,0,-0.01,-4.76
S03_NYMECM_AP_2HH_MAMSP_T46_1HH_Click_View_Available_Plans,0.16,0.22,0.26,0.23,0.24,0.24,430,0,0,0.17,0.23,0.28,0.26,0.26,0.27,116,0,0,-0.01,-4.55
S04_NYMECM_MP_2HH_MaMsp_T34_1HH_View_Available_Plans,0.18,0.22,0.29,0.23,0.24,0.26,323,0,0,0.2,0.23,0.26,0.26,0.26,0.26,34,0,0,-0.01,-4.55
S04_NYMECM_MP_2HH_MaMsp_T36_2HH_Click_View_Available_Plans,0.18,0.21,0.69,0.23,0.23,0.24,322,0,0,0.19,0.23,0.26,0.26,0.26,0.26,26,0,0,-0.02,-9.52
S02_NYMECM_MP_1HH_MSP_T29_Logout,0.11,0.14,0.21,0.16,0.16,0.18,342,0,0,0.13,0.15,0.22,0.17,0.18,0.22,43,0,0,-0.01,-7.14
S07_NYMECM_AP_RC_S03_2HH_MaMsp_T18_Logout,0.11,0.15,0.18,0.16,0.16,0.17,1054,0,0,0.11,0.15,0.22,0.17,0.18,0.2,252,0,0,0,0
S08_NYMECM_AP_Renewals_S03_2HH_MaMsp_T14_Logout,0.11,0.14,0.18,0.16,0.15,0.16,2232,0,0,0.11,0.15,0.22,0.17,0.18,0.2,600,0,0,-0.01,-7.14
S11_NYMECM_MP_2HH_MA_MSP_APRI_T39_Logout,0.11,0.15,0.19,0.16,0.17,0.18,411,0,0,0.13,0.15,0.2,0.17,0.18,0.2,92,0,0,0,0
S04_NYMECM_MP_2HH_MaMsp_T38_Logout,0.09,0.14,0.18,0.16,0.17,0.18,321,0,0,0.14,0.15,0.19,0.18,0.19,0.19,19,0,0,-0.01,-7.14
S05_NYMECM_AP_RC_S01_2HH_MaMsp_T29_Logout,0.11,0.15,0.19,0.16,0.16,0.16,818,0,0,0.11,0.15,0.22,0.17,0.18,0.19,212,0,0,0,0
S06_NYMECM_MP_RC_S02_1HH_MaMsp_T34_Logout,0.11,0.15,0.18,0.16,0.16,0.16,779,0,0,0.11,0.15,0.2,0.17,0.18,0.19,212,0,0,0,0
S01_NYMECM_AP_1HH_MaMsp_T29_Logout,0.12,0.15,0.18,0.16,NA,NA,117,3,2.5,0.11,0.15,0.19,0.16,0.18,0.18,136,0,0,0,0
S03_NYMECM_AP_2HH_MAMSP_T11_Click_Add_Details_2HH,0.06,0.12,0.2,0.16,0.16,0.16,674,0,0,0.08,0.12,0.18,0.17,0.17,0.18,100,0,0,0,0
S03_NYMECM_AP_2HH_MAMSP_T50_Logout,0.11,0.15,0.21,0.16,0.17,0.17,428,0,0,0.11,0.15,0.2,0.17,0.18,0.18,102,0,0,0,0
S10_NYMECM_MP_Navigation_S04_T11_Logout,0.12,0.14,0.17,0.15,0.15,0.15,6392,0,0,0.13,0.15,0.18,0.16,0.16,0.18,1232,0,0,-0.01,-7.14
S11_NYMECM_MP_2HH_MA_MSP_APRI_T05_Click_Next_Continue_Working,0.09,0.12,0.19,0.15,0.15,0.15,683,0,0,0.08,0.12,0.17,0.15,0.16,0.17,89,0,0,0,0
S06_NYMECM_MP_RC_S02_1HH_MaMsp_T05_Click_Edit_Summary_of_People,0.07,0.11,0.17,0.14,0.15,0.16,1146,0,0,0.07,0.12,0.17,0.16,0.16,0.16,213,0,0,-0.01,-9.09
S11_NYMECM_MP_2HH_MA_MSP_APRI_T03_Click_App_Redirection,0.09,0.12,0.17,0.14,0.13,0.14,683,0,0,0.1,0.12,0.15,0.14,0.14,0.15,89,0,0,0,0
S06_NYMECM_MP_RC_S02_1HH_MaMsp_T17_Click_Add_Another_Resource,0.04,0.06,0.1,0.07,0.07,0.07,1094,0,0,0.03,0.06,0.09,0.07,0.08,0.09,214,0,0,0,0
S03_NYMECM_AP_2HH_MAMSP_T16A_Add_Additional_Document,0.04,0.06,0.08,0.07,0.07,0.07,1090,0,0,0.02,0.06,0.09,0.07,0.08,0.08,272,0,0,0,0
S03_NYMECM_AP_2HH_MAMSP_T43A_Add_Additional_Document,0.03,0.06,0.09,0.07,0.08,0.09,449,0,0,0.02,0.06,0.11,0.08,0.08,0.08,140,0,0,0,0
S06_NYMECM_MP_RC_S02_1HH_MaMsp_T20_Click_Add_Another_Resource_2,0.04,0.06,0.08,0.07,0.07,0.07,1085,0,0,0.03,0.06,0.08,0.07,0.07,0.08,212,0,0,0,0
S06_NYMECM_MP_RC_S02_1HH_MaMsp_T23_Click_Add_Another_Resource_3,0.04,0.06,0.1,0.07,0.07,0.07,1075,0,0,0.04,0.06,0.08,0.07,0.07,0.08,212,0,0,0,0
S07_NYMECM_AP_RC_S03_2HH_MaMsp_T06_Click_Add_Another_Resource,0.05,0.06,0.08,0.06,0.06,0.07,1422,0,0,0.03,0.06,0.08,0.07,0.07,0.08,304,0,0,0,0
S03_NYMECM_AP_2HH_MAMSP_T04_Before_You_Begin,0.02,0.04,0.06,0.05,0.05,0.06,679,0,0,0.04,0.05,0.07,0.06,0.06,0.07,98,0,0,-0.01,-25
S01_NYMECM_AP_1HH_MaMsp_T04_Apply_For_Benefits,0.02,0.04,0.08,0.05,0.05,0.05,1108,0,0,0.02,0.04,0.06,0.06,0.06,0.06,134,0,0,0,0
S02_NYMECM_MP_1HH_MSP_T07_Before_You_Begin_Next,0.03,0.04,0.06,0.05,0.05,0.06,567,0,0,0.04,0.05,0.06,0.05,0.06,0.06,136,0,0,-0.01,-25
S04_NYMECM_MP_2HH_MaMsp_T05_Apply_For_Benefits,0.03,0.04,0.06,0.05,0.05,0.06,547,0,0,0.04,0.05,0.07,0.06,0.06,0.06,129,0,0,-0.01,-25
S05_NYMECM_AP_RC_S01_2HH_MaMsp_T06_Click_Add_Another_Person,0,0,0,0,0,0,1164,0,0,0,0,0,0,0,0,240,0,0,0,NA
